INSERT INTO public.product ("productId", "productName", price, "productCategory")
VALUES
(1, 'Laptop', 1200.00, 'Electronics'),
(2, 'Smartphone', 800.00, 'Mobile Devices'),
(3, 'Tablet', 450.00, 'Mobile Devices'),
(4, 'Headphones', 150.00, 'Accessories'),
(5, 'Monitor', 300.00, 'Electronics'),
(6, 'Keyboard', 50.00, 'Accessories'),
(7, 'Mouse', 30.00, 'Accessories'),
(8, 'Smartwatch', 250.00, 'Wearables'),
(9, 'Television', 1000.00, 'Electronics'),
(10, 'Camera', 700.00, 'Photography'),
(11, 'Speakers', 120.00, 'Audio'),
(12, 'Gaming Console', 500.00, 'Gaming'),
(13, 'External Hard Drive', 90.00, 'Storage'),
(14, 'Router', 60.00, 'Networking'),
(15, 'Printer', 200.00, 'Office Equipment'),
(16, 'Scanner', 180.00, 'Office Equipment'),
(17, 'Projector', 400.00, 'Office Equipment'),
(18, 'VR Headset', 350.00, 'Gaming'),
(19, 'Drone', 900.00, 'Photography'),
(20, 'Fitness Tracker', 130.00, 'Wearables'),
(21, 'Air Conditioner', 300.00, 'Home Appliances'),
(22, 'Refrigerator', 800.00, 'Home Appliances'),
(23, 'Washing Machine', 600.00, 'Home Appliances'),
(24, 'Microwave Oven', 150.00, 'Home Appliances'),
(25, 'Blender', 100.00, 'Kitchen Appliances'),
(26, 'Toaster', 40.00, 'Kitchen Appliances'),
(27, 'Coffee Maker', 80.00, 'Kitchen Appliances'),
(28, 'Vacuum Cleaner', 220.00, 'Cleaning Appliances'),
(29, 'Iron', 30.00, 'Cleaning Appliances'),
(30, 'Dishwasher', 700.00, 'Home Appliances');


INSERT INTO public.supplier ("supplierId", "supplierName")
VALUES
(1, 'Supplier A'),
(2, 'Supplier B'),
(3, 'Supplier C'),
(4, 'Supplier D'),
(5, 'Supplier E'),
(6, 'Supplier F'),
(7, 'Supplier G'),
(8, 'Supplier H'),
(9, 'Supplier I'),
(10, 'Supplier J'),
(11, 'Supplier K'),
(12, 'Supplier L'),
(13, 'Supplier M'),
(14, 'Supplier N'),
(15, 'Supplier O'),
(16, 'Supplier P'),
(17, 'Supplier Q'),
(18, 'Supplier R'),
(19, 'Supplier S'),
(20, 'Supplier T'),
(21, 'Supplier U'),
(22, 'Supplier V'),
(23, 'Supplier W'),
(24, 'Supplier X'),
(25, 'Supplier Y'),
(26, 'Supplier Z'),
(27, 'Supplier AA'),
(28, 'Supplier BB'),
(29, 'Supplier CC'),
(30, 'Supplier DD');


INSERT INTO public.warehouse ("warehouseId", "warehouseName", location)
VALUES
(1, 'Warehouse A', 'New York'),
(2, 'Warehouse B', 'Los Angeles'),
(3, 'Warehouse C', 'Chicago'),
(4, 'Warehouse D', 'Houston'),
(5, 'Warehouse E', 'Phoenix'),
(6, 'Warehouse F', 'Philadelphia'),
(7, 'Warehouse G', 'San Antonio'),
(8, 'Warehouse H', 'San Diego'),
(9, 'Warehouse I', 'Dallas'),
(10, 'Warehouse J', 'San Jose'),
(11, 'Warehouse K', 'Austin'),
(12, 'Warehouse L', 'Jacksonville'),
(13, 'Warehouse M', 'Fort Worth'),
(14, 'Warehouse N', 'Columbus'),
(15, 'Warehouse O', 'Charlotte'),
(16, 'Warehouse P', 'San Francisco'),
(17, 'Warehouse Q', 'Indianapolis'),
(18, 'Warehouse R', 'Seattle'),
(19, 'Warehouse S', 'Denver'),
(20, 'Warehouse T', 'Washington'),
(21, 'Warehouse U', 'Boston'),
(22, 'Warehouse V', 'El Paso'),
(23, 'Warehouse W', 'Nashville'),
(24, 'Warehouse X', 'Detroit'),
(25, 'Warehouse Y', 'Oklahoma City'),
(26, 'Warehouse Z', 'Portland'),
(27, 'Warehouse AA', 'Las Vegas'),
(28, 'Warehouse BB', 'Memphis'),
(29, 'Warehouse CC', 'Louisville'),
(30, 'Warehouse DD', 'Baltimore');


INSERT INTO public."order" ("orderId", "customerName", "orderDate")
VALUES
(1, 'John Doe', '2023-10-01'),
(2, 'Jane Smith', '2023-10-02'),
(3, 'Tom Brown', '2023-10-03'),
(4, 'Mary Green', '2023-10-04'),
(5, 'Harry White', '2023-10-05'),
(6, 'Emma Black', '2023-10-06'),
(7, 'Liam Blue', '2023-10-07'),
(8, 'Sophia Gray', '2023-10-08'),
(9, 'James Yellow', '2023-10-09'),
(10, 'Olivia Purple', '2023-10-10'),
(11, 'Henry Orange', '2023-10-11'),
(12, 'Mia Pink', '2023-10-12'),
(13, 'Ethan Red', '2023-10-13'),
(14, 'Charlotte Green', '2023-10-14'),
(15, 'Lucas Cyan', '2023-10-15'),
(16, 'Amelia Violet', '2023-10-16'),
(17, 'Noah Aqua', '2023-10-17'),
(18, 'Isabella Indigo', '2023-10-18'),
(19, 'Jack Teal', '2023-10-19'),
(20, 'Ava Beige', '2023-10-20'),
(21, 'William Lime', '2023-10-21'),
(22, 'Chloe Peach', '2023-10-22'),
(23, 'Alexander Olive', '2023-10-23'),
(24, 'Lily Burgundy', '2023-10-24'),
(25, 'Michael Silver', '2023-10-25'),
(26, 'Grace Navy', '2023-10-26'),
(27, 'Benjamin Gold', '2023-10-27'),
(28, 'Ella Bronze', '2023-10-28'),
(29, 'Elijah White', '2023-10-29'),
(30, 'Zoe Black', '2023-10-30');


INSERT INTO public."time" ("timeId", year, month, "monthName", day, dayname, week)
VALUES
(1, 2023, 10, 'October', 1, 'Monday', 40),
(2, 2023, 10, 'October', 2, 'Tuesday', 40),
(3, 2023, 10, 'October', 3, 'Wednesday', 40),
(4, 2023, 10, 'October', 4, 'Thursday', 40),
(5, 2023, 10, 'October', 5, 'Friday', 40),
(6, 2023, 10, 'October', 6, 'Saturday', 40),
(7, 2023, 10, 'October', 7, 'Sunday', 40),
(8, 2023, 10, 'October', 8, 'Monday', 41),
(9, 2023, 10, 'October', 9, 'Tuesday', 41),
(10, 2023, 10, 'October', 10, 'Wednesday', 41),
(11, 2023, 10, 'October', 11, 'Thursday', 41),
(12, 2023, 10, 'October', 12, 'Friday', 41),
(13, 2023, 10, 'October', 13, 'Saturday', 41),
(14, 2023, 10, 'October', 14, 'Sunday', 41),
(15, 2023, 10, 'October', 15, 'Monday', 42),
(16, 2023, 10, 'October', 16, 'Tuesday', 42),
(17, 2023, 10, 'October', 17, 'Wednesday', 42),
(18, 2023, 10, 'October', 18, 'Thursday', 42),
(19, 2023, 10, 'October', 19, 'Friday', 42),
(20, 2023, 10, 'October', 20, 'Saturday', 42),
(21, 2023, 10, 'October', 21, 'Sunday', 42),
(22, 2023, 10, 'October', 22, 'Monday', 43),
(23, 2023, 10, 'October', 23, 'Tuesday', 43),
(24, 2023, 10, 'October', 24, 'Wednesday', 43),
(25, 2023, 10, 'October', 25, 'Thursday', 43),
(26, 2023, 10, 'October', 26, 'Friday', 43),
(27, 2023, 10, 'October', 27, 'Saturday', 43),
(28, 2023, 10, 'October', 28, 'Sunday', 43),
(29, 2023, 10, 'October', 29, 'Monday', 44),
(30, 2023, 10, 'October', 30, 'Tuesday', 44);

INSERT INTO public.shipment ("shipmentId", "productId", "supplierId", "warehouseId", "orderId", "shipmentDate", quantity, "timeId", "shippingDuration", "shipmentValue")
VALUES
(1, 1, 1, 1, 1, '2023-10-02', 10, 1, '1 day', 12000.00),
(2, 2, 2, 2, 2, '2023-10-03', 5, 2, '2 days', 4000.00),
(3, 3, 3, 3, 3, '2023-10-04', 8, 3, '1 day', 3600.00),
(4, 4, 4, 4, 4, '2023-10-05', 15, 4, '3 days', 2250.00),
(5, 5, 5, 5, 5, '2023-10-06', 7, 5, '2 days', 2100.00),
(6, 6, 6, 6, 6, '2023-10-07', 20, 6, '4 days', 1000.00),
(7, 7, 7, 7, 7, '2023-10-08', 25, 7, '1 day', 750.00),
(8, 8, 8, 8, 8, '2023-10-09', 6, 8, '2 days', 1500.00),
(9, 9, 9, 9, 9, '2023-10-10', 3, 9, '1 day', 3000.00),
(10, 10, 10, 10, 10, '2023-10-11', 4, 10, '2 days', 2800.00),
(11, 11, 11, 11, 11, '2023-10-12', 12, 11, '1 day', 1440.00),
(12, 12, 12, 12, 12, '2023-10-13', 10, 12, '2 days', 5000.00),
(13, 13, 13, 13, 13, '2023-10-14', 7, 13, '3 days', 630.00),
(14, 14, 14, 14, 14, '2023-10-15', 9, 14, '2 days', 540.00),
(15, 15, 15, 15, 15, '2023-10-16', 6, 15, '1 day', 1200.00),
(16, 16, 16, 16, 16, '2023-10-17', 8, 16, '4 days', 1440.00),
(17, 17, 17, 17, 17, '2023-10-18', 5, 17, '3 days', 2000.00),
(18, 18, 18, 18, 18, '2023-10-19', 20, 18, '2 days', 7000.00),
(19, 19, 19, 19, 19, '2023-10-20', 3, 19, '1 day', 2700.00),
(20, 20, 20, 20, 20, '2023-10-21', 9, 20, '2 days', 1170.00),
(21, 21, 21, 21, 21, '2023-10-22', 4, 21, '1 day', 1200.00),
(22, 22, 22, 22, 22, '2023-10-23', 6, 22, '2 days', 360.00),
(23, 23, 23, 23, 23, '2023-10-24', 7, 23, '1 day', 1050.00),
(24, 24, 24, 24, 24, '2023-10-25', 8, 24, '3 days', 1600.00),
(25, 25, 25, 25, 25, '2023-10-26', 6, 25, '4 days', 480.00),
(26, 26, 26, 26, 26, '2023-10-27', 15, 26, '2 days', 1200.00),
(27, 27, 27, 27, 27, '2023-10-28', 5, 27, '1 day', 400.00),
(28, 28, 28, 28, 28, '2023-10-29', 12, 28, '2 days', 840.00),
(29, 29, 29, 29, 29, '2023-10-30', 3, 29, '1 day', 180.00),
(30, 30, 30, 30, 30, '2023-10-31', 10, 30, '1 day', 7000.00);
